"Washington, District of Columbia",city,"http://dbpedia.org/resource/Washington,_D.C.",-77.0163879395,38.9047241211
"Washington, Arkansas",city,"http://dbpedia.org/resource/Washington,_Arkansas",-93.681388855,33.774723053
"Washington, Connecticut",city,"http://dbpedia.org/resource/Washington,_Connecticut",-73.3183364868,41.6533317566
"Washington, Georgia",city,"http://dbpedia.org/resource/Washington,_Georgia",-82.7413864136,33.7352790833
"Washington, Illinois",city,"http://dbpedia.org/resource/Washington,_Illinois",-89.4166641235,40.7000007629
"Washington, Indiana",city,"http://dbpedia.org/resource/Washington,_Indiana",-87.1750030518,38.6583328247
"Washington, Iowa",city,"http://dbpedia.org/resource/Washington,_Iowa",-91.689163208,41.2999992371
"Washington, Kansas",city,"http://dbpedia.org/resource/Washington,_Kansas",-97.0524978638,39.8169441223
"Washington, Kentucky",village,"http://dbpedia.org/resource/Washington,_Kentucky",-83.8085327148,38.6159095764
"Washington, Louisiana",town,"http://dbpedia.org/resource/Washington,_Louisiana",-92.0583343506,30.6144447327
"Washington, Maine",town,"http://dbpedia.org/resource/Washington,_Maine",-69.385559082,44.2730560303
"Washington, Massachusetts",town,"http://dbpedia.org/resource/Washington,_Massachusetts",-73.1166687012,42.3666648865
"Washington, Mississippi",unincorporated community,"http://dbpedia.org/resource/Washington,_Mississippi",-91.2991638184,31.5788879395
"Washington, Missouri",city,"http://dbpedia.org/resource/Washington,_Missouri",-91.0133361816,38.5519447327
"Washington, Nebraska",village,"http://dbpedia.org/resource/Washington,_Nebraska",-96.2088851929,41.3969459534
"Washington, New Hampshire",town,"http://dbpedia.org/resource/Washington,_New_Hampshire",-72.0975036621,43.1763877869
"Washington, New Jersey",borough,"http://dbpedia.org/resource/Washington,_New_Jersey",-74.9831924438,40.7585258484
"Washington, North Carolina",city,"http://dbpedia.org/resource/Washington,_North_Carolina",-77.051940918,35.5536117554
"Washington, Oklahoma",town,"http://dbpedia.org/resource/Washington,_Oklahoma",-97.4850006104,35.0600013733
"Washington, Pennsylvania",city,"http://dbpedia.org/resource/Washington,_Pennsylvania",-80.2505569458,40.1749992371
"Washington, Utah",city,"http://dbpedia.org/resource/Washington,_Utah",-113.5033340454,37.1194458008
"Washington, Vermont",town,"http://dbpedia.org/resource/Washington,_Vermont",-72.4219436646,44.0833320618
"Washington, Virginia",town,"http://dbpedia.org/resource/Washington,_Virginia",-78.1594467163,38.7127761841
"Washington, West Virginia",CDP,"http://dbpedia.org/resource/Washington,_West_Virginia",-81.6705551147,39.2380561829
"Washington, Wisconsin",unincorporated community,"http://dbpedia.org/resource/Washington_(community),_Wisconsin",-86.931388855,45.3947219849
"Springfield, Arkansas",town,"http://dbpedia.org/resource/Springfield,_Arkansas",-92.5577774048,35.2675018311
"Springfield, Colorado",town,"http://dbpedia.org/resource/Springfield,_Colorado",-102.617225647,37.406665802
"Springfield, Florida",city,"http://dbpedia.org/resource/Springfield,_Florida",-85.6105575562,30.165555954
"Springfield, Georgia",city,"http://dbpedia.org/resource/Springfield,_Georgia",-81.3102798462,32.3683319092
"Springfield, Illinois",city,"http://dbpedia.org/resource/Springfield,_Illinois",-89.619720459,39.6983337402
"Springfield, Kentucky",city,"http://dbpedia.org/resource/Springfield,_Kentucky",-85.2219467163,37.6863899231
"Springfield, Louisiana",town,"http://dbpedia.org/resource/Springfield,_Louisiana",-90.5480575562,30.4291667938
"Springfield, Maine",town,"http://dbpedia.org/resource/Springfield,_Maine",-68.1733322144,45.3961105347
"Springfield, Massachusetts",city,"http://dbpedia.org/resource/Springfield,_Massachusetts",-72.5902786255,42.1013870239
"Springfield, Michigan",city,"http://dbpedia.org/resource/Springfield,_Michigan",-85.2308349609,42.3236122131
"Springfield, Minnesota",city,"http://dbpedia.org/resource/Springfield,_Minnesota",-94.9786148071,44.2394447327
"Springfield, Missouri",city,"http://dbpedia.org/resource/Springfield,_Missouri",-93.2861099243,37.1949996948
"Springfield, Nebraska",city,"http://dbpedia.org/resource/Springfield,_Nebraska",-96.1324996948,41.0822219849
"Springfield, New Hampshire",town,"http://dbpedia.org/resource/Springfield,_New_Hampshire",-72.0341644287,43.4952774048
"Springfield, New York",town,"http://dbpedia.org/resource/Springfield,_New_York",-74.8536148071,42.8361129761
"Springfield, New Jersey (Burlington County)",township,"http://dbpedia.org/resource/Springfield_Township,_Burlington_County,_New_Jersey",-74.7065963745,40.0335655212
"Springfield, New Jersey (Union County)",township,"http://dbpedia.org/resource/Springfield_Township,_Union_County,_New_Jersey",-74.3345184326,40.6978988647
"Springfield, Ohio",city,"http://dbpedia.org/resource/Springfield,_Ohio",-83.8041687012,39.9269447327
"Springfield, Oregon",city,"http://dbpedia.org/resource/Springfield,_Oregon",-122.9911117554,44.0530548096
"Springfield, Pennsylvania",CDP,"http://dbpedia.org/resource/Springfield_Township,_Delaware_County,_Pennsylvania",-75.3330535889,39.9269447327
"Springfield, South Carolina",town,"http://dbpedia.org/resource/Springfield,_South_Carolina",-81.2791671753,33.4958343506
"Springfield, South Dakota",city,"http://dbpedia.org/resource/Springfield,_South_Dakota",-97.8947219849,42.8547210693
"Springfield, Tennessee",city,"http://dbpedia.org/resource/Springfield,_Tennessee",-86.8786087036,36.4994430542
"Springfield, Vermont",town,"http://dbpedia.org/resource/Springfield,_Vermont",-72.4833297729,43.2999992371
"Springfield, Virginia",CDP,"http://dbpedia.org/resource/Springfield,_Virginia",-77.1844482422,38.7791671753
"Springfield, West Virginia",CDP,"http://dbpedia.org/resource/Springfield,_West_Virginia",-78.693611145,39.450553894
"Springfield, Wisconsin (Dane County)",town,"http://dbpedia.org/resource/Springfield,_Dane_County,_Wisconsin",-89.5455551147,43.1658325195
"Springfield, Wisconsin (Jackson County)",town[4],"http://dbpedia.org/resource/Springfield,_Jackson_County,_Wisconsin",-91.1083297729,44.2888870239
"Springfield, Wisconsin (Marquette County)",town,"http://dbpedia.org/resource/Springfield,_Marquette_County,_Wisconsin",-89.5325012207,43.9469451904
"Springfield, Wisconsin (St. Croix County)",town,"http://dbpedia.org/resource/Springfield,_St._Croix_County,_Wisconsin",-92.1863861084,44.9808349609
"Springfield, Wisconsin (Walworth County)",town,"http://dbpedia.org/resource/Springfield,_Walworth_County,_Wisconsin",-88.4119415283,42.6416664124
"Franklin, Alabama",town,"http://dbpedia.org/resource/Franklin,_Alabama",-85.8027801514,32.4552764893
"Franklin, Arkansas",town,"http://dbpedia.org/resource/Franklin,_Arkansas",-91.7663879395,36.17527771
"Franklin, Connecticut",town,"http://dbpedia.org/resource/Franklin,_Connecticut",-72.1425018311,41.619720459
"Franklin, Georgia",city,"http://dbpedia.org/resource/Franklin,_Georgia",-85.0984039307,33.2797241211
"Franklin, Idaho",city,"http://dbpedia.org/resource/Franklin,_Idaho",-111.8030548096,42.0161094666
"Franklin, Illinois",village,"http://dbpedia.org/resource/Franklin,_Illinois",-90.0472259521,39.6202774048
"Franklin, Indiana",city,"http://dbpedia.org/resource/Franklin,_Indiana",-86.0566635132,39.4897232056
"Franklin, Iowa",city,"http://dbpedia.org/resource/Franklin,_Iowa",-91.5119476318,40.6663894653
"Franklin, Kansas",town,"http://dbpedia.org/resource/Franklin,_Kansas",-94.7058334351,37.5263900757
"Franklin, Kentucky",city,"http://dbpedia.org/resource/Franklin,_Kentucky",-86.5774993896,36.7224998474
"Franklin, Louisiana",town,"http://dbpedia.org/resource/Franklin,_Louisiana",-91.5083312988,29.7916660309
"Franklin, Maine",town,"http://dbpedia.org/resource/Franklin,_Maine",-68.2322235107,44.5869445801
"Franklin, Massachusetts",city,"http://dbpedia.org/resource/Franklin,_Massachusetts",-71.4000015259,42.0833320618
"Franklin, Michigan",village,"http://dbpedia.org/resource/Franklin,_Michigan",-83.3038864136,42.5200004578
"Franklin, Minnesota",city,"http://dbpedia.org/resource/Franklin,_Minnesota",-94.8830566406,44.5280570984
"Franklin, Missouri",city,"http://dbpedia.org/resource/Franklin,_Missouri",-92.7536087036,39.011390686
"Franklin, Nebraska",city,"http://dbpedia.org/resource/Franklin,_Nebraska",-98.9530563354,40.0952758789
"Franklin, New Hampshire",city,"http://dbpedia.org/resource/Franklin,_New_Hampshire",-71.6569442749,43.4441680908
"Franklin, New Jersey",borough,"http://dbpedia.org/resource/Franklin,_New_Jersey",-74.5886383057,41.108997345
"Franklin, Delaware County, New York",village,"http://dbpedia.org/resource/Franklin_(village),_New_York",-75.1658325195,42.3405570984
"Franklin, Franklin County, New York",town,"http://dbpedia.org/resource/Franklin,_Franklin_County,_New_York",-74.0605545044,44.5191650391
"Franklin, North Carolina",county,"http://dbpedia.org/resource/Franklin_County,_North_Carolina",-78.2799987793,36.0800018311
"Franklin County, Ohio",county,"http://dbpedia.org/resource/Franklin_County,_Ohio",-83.0100021362,39.9700012207
"Franklin, North Carolina",town,"http://dbpedia.org/resource/Franklin,_North_Carolina",-83.3816680908,35.1811103821
"Franklin, Ohio",city,"http://dbpedia.org/resource/Franklin,_Ohio",-84.3016662598,39.5613899231
"Franklin, Cambria County, Pennsylvania",borough,"http://dbpedia.org/resource/Franklin,_Cambria_County,_Pennsylvania",-78.881942749,40.3430557251
"Franklin, Venango County, Pennsylvania",city,"http://dbpedia.org/resource/Franklin,_Pennsylvania",-79.8313903809,41.3977775574
"Franklin, Tennessee",city,"http://dbpedia.org/resource/Franklin,_Tennessee",-86.8574981689,35.9291648865
"Franklin, Texas",city,"http://dbpedia.org/resource/Franklin,_Texas",-96.486114502,31.0261116028
"Franklin, Vermont",town,"http://dbpedia.org/resource/Franklin,_Vermont",-72.8886108398,44.9724998474
"Franklin, Virginia",city,"http://dbpedia.org/resource/Franklin,_Virginia",-76.930557251,36.6747207642
"Franklin, West Virginia",town,"http://dbpedia.org/resource/Franklin,_West_Virginia",-79.3316650391,38.6474990845
"Franklin, Wisconsin",city,"http://dbpedia.org/resource/Franklin,_Milwaukee_County,_Wisconsin",-88.0022201538,42.8991661072
"Franklin, Louisiana",Parish,"http://dbpedia.org/resource/Franklin,_Louisiana",-91.5083312988,29.7916660309
"Greenville, Alabama",city,"http://dbpedia.org/resource/Greenville,_Alabama",-86.6275024414,31.831111908
"Greenville, California",CDP,"http://dbpedia.org/resource/Greenville,_California",-120.9513854981,40.1399993896
"Greenville, Delaware",CDP,"http://dbpedia.org/resource/Greenville,_Delaware",-75.5966644287,39.7750015259
"Greenville, Florida",town,"http://dbpedia.org/resource/Greenville,_Florida",-83.6333312988,30.4666671753
"Greenville, Georgia",city,"http://dbpedia.org/resource/Greenville,_Georgia",-84.7136077881,33.0277786255
"Greenville, Illinois",city,"http://dbpedia.org/resource/Greenville,_Illinois",-89.4000015259,38.8833351135
"Greenville, Indiana",town,"http://dbpedia.org/resource/Greenville,_Indiana",-85.988609314,38.3727760315
"Greenville, Iowa",city,"http://dbpedia.org/resource/Greenville,_Iowa",-95.1455535889,43.0161094666
"Greenville, Kentucky",city,"http://dbpedia.org/resource/Greenville,_Kentucky",-87.1763916016,37.2072219849
"Greenville, Maine",town,"http://dbpedia.org/resource/Greenville,_Maine",-69.5905532837,45.4594459534
"Greenville, Michigan",city,"http://dbpedia.org/resource/Greenville,_Michigan",-85.25,43.1833343506
"Greenville, Mississippi",city,"http://dbpedia.org/resource/Greenville,_Mississippi",-91.0483322144,33.3986129761
"Greenville, Missouri",city,"http://dbpedia.org/resource/Greenville,_Missouri",-90.4483337402,37.1272239685
"Greenville, New Hampshire",town,"http://dbpedia.org/resource/Greenville,_New_Hampshire",-71.8122253418,42.7672233582
"Greenville, New Jersey",former township,"http://dbpedia.org/resource/Greenville,_Jersey_City",-74.0944442749,40.7002792358
"Greenville, Greene County, New York",town,"http://dbpedia.org/resource/Greenville_(town),_New_York",-74.0186080933,42.406665802
"Greenville, Orange County, New York",town,"http://dbpedia.org/resource/Greenville,_Orange_County,_New_York",-74.5833358765,41.3666648865
"Greenville, Westchester County, New York",CDP,"http://dbpedia.org/resource/Greenville,_Westchester_County,_New_York",-73.820274353,40.9988899231
"Greenville, North Carolina",city,"http://dbpedia.org/resource/Greenville,_North_Carolina",-77.3724975586,35.6016654968
"Greenville, Ohio",city,"http://dbpedia.org/resource/Greenville,_Ohio",-84.6280517578,40.1025009155
"Greenville, Pennsylvania",borough,"http://dbpedia.org/resource/Greenville,_Pennsylvania",-80.3866653442,41.4049987793
"Greenville, Rhode Island",CDP,"http://dbpedia.org/resource/Greenville,_Rhode_Island",-71.5533370972,41.8766670227
"Greenville, South Carolina",city,"http://dbpedia.org/resource/Greenville,_South_Carolina",-82.385559082,34.8444442749
"Greenville, Texas",city,"http://dbpedia.org/resource/Greenville,_Texas",-96.1097259521,33.1261100769
"Greenville, Utah",town,"http://dbpedia.org/resource/Greenville,_Utah",-112.7125015259,38.2544441223
"Greenville, Virginia",CDP,"http://dbpedia.org/resource/Greenville,_Virginia",-79.1580581665,38.0044441223
"Greenville, Logan County, West Virginia",CDP,"http://dbpedia.org/resource/Greenville,_Logan_County,_West_Virginia",-81.8716659546,37.7208328247
"Greenville, Monroe County, West Virginia",CDP,"http://dbpedia.org/resource/Greenville,_Monroe_County,_West_Virginia",-80.6825027466,37.5433349609
"Greenville, Wisconsin",CDP,"http://dbpedia.org/resource/Greenville,_Wisconsin",-88.5363922119,44.30027771
"Bristol, Colorado",Unincorporated community,"http://dbpedia.org/resource/Bristol,_Colorado",-102.3111114502,38.1222229004
"Bristol, Connecticut",City,"http://dbpedia.org/resource/Bristol,_Connecticut",-72.9405517578,41.6811103821
"Bristol, Florida",City,"http://dbpedia.org/resource/Bristol,_Florida",-84.9791641235,30.4269447327
"Bristol, Georgia",City,"http://dbpedia.org/resource/Bristol,_Georgia",-82.2144470215,31.4486103058
"Bristol, Illinois",Unincorporated community,"http://dbpedia.org/resource/Bristol,_Illinois",-88.4280548096,41.6855545044
"Bristol, Indiana",Town,"http://dbpedia.org/resource/Bristol,_Indiana",-85.8183364868,41.7211112976
"Bristol, Maryland",Unincorporated community,"http://dbpedia.org/resource/Bristol,_Maryland",-76.6722259521,38.7916679382
"Bristol, Maine",Town,"http://dbpedia.org/resource/Bristol,_Maine",-69.5091629028,43.9575004578
"Bristol, Minnesota",Township,"http://dbpedia.org/resource/Bristol_Township,_Fillmore_County,_Minnesota",-92.1666641235,43.5333328247
"Bristol, Nevada",Ghost town,http://dbpedia.org/resource/Bristol_Wells_Town_Site,-114.6949996948,38.1061096191
"Bristol, New Hampshire",Town,"http://dbpedia.org/resource/Bristol,_New_Hampshire",-71.7366638184,43.5911102295
"Bristol, New York",Town,"http://dbpedia.org/resource/Bristol,_New_York",-77.424446106,42.8197212219
"Bristol, Pennsylvania",Borough,"http://dbpedia.org/resource/Bristol,_Pennsylvania",-74.8513870239,40.1033325195
"Bristol Township, Pennsylvania",Township,"http://dbpedia.org/resource/Bristol_Township,_Bucks_County,_Pennsylvania",-74.8663864136,40.1166648865
"Bristol, Rhode Island",Town,"http://dbpedia.org/resource/Bristol,_Rhode_Island",-71.2686080933,41.6841659546
"Bristol, South Dakota",City,"http://dbpedia.org/resource/Bristol,_South_Dakota",-97.750831604,45.3452758789
"Bristol, Tennessee",City,"http://dbpedia.org/resource/Bristol,_Tennessee",-82.1886138916,36.5950012207
"Bristol, Vermont",Town,"http://dbpedia.org/resource/Bristol,_Vermont",-73.0794448853,44.1333351135
"Bristol, Virginia",City,"http://dbpedia.org/resource/Bristol,_Virginia",-82.1833343506,36.5999984741
"Bristol, Washington",Community,"http://dbpedia.org/resource/Bristol,_Washington",-120.7997894287,47.1472740173
"Bristol, Dane County, Wisconsin",Town,"http://dbpedia.org/resource/Bristol,_Dane_County,_Wisconsin",-89.1788864136,43.2458343506
"Bristol, Kenosha County, Wisconsin",Town,"http://dbpedia.org/resource/Bristol_(town),_Kenosha_County,_Wisconsin",-88.0491638184,42.5588874817
"Bristol, West Virginia",Town,"http://dbpedia.org/resource/Bristol,_West_Virginia",-80.5238876343,39.287776947
"Clinton, Arkansas",city,"http://dbpedia.org/resource/Clinton,_Arkansas",-92.4577789307,35.5863876343
"Clinton, Connecticut",town,"http://dbpedia.org/resource/Clinton,_Connecticut",-72.5274963379,41.2944450378
"Clinton, Illinois",city,"http://dbpedia.org/resource/Clinton,_Illinois",-88.9591674805,40.1522216797
"Clinton, Indiana",city,"http://dbpedia.org/resource/Clinton,_Indiana",-87.4058303833,39.6599998474
"Clinton, Iowa",city,"http://dbpedia.org/resource/Clinton,_Iowa",-90.2072219849,41.8469429016
"Clinton, Kentucky",city,"http://dbpedia.org/resource/Clinton,_Kentucky",-88.9941635132,36.6669425964
"Clinton, Louisiana",town,"http://dbpedia.org/resource/Clinton,_Louisiana",-91.0158309937,30.8630561829
"Clinton, Maine",town,"http://dbpedia.org/resource/Clinton,_Maine",-69.4997406006,44.6383666992
"Clinton, Maryland",CDP,"http://dbpedia.org/resource/Clinton,_Maryland",-76.8955535889,38.7636108398
"Clinton, Massachusetts",town,"http://dbpedia.org/resource/Clinton,_Massachusetts",-71.6833343506,42.4166679382
"Clinton, Macomb County, Michigan",CDP,"http://dbpedia.org/resource/Clinton_Township,_Macomb_County,_Michigan",-82.9644470215,42.5602760315
"Clinton, Lenawee County, Michigan",village,"http://dbpedia.org/resource/Clinton,_Lenawee_County,_Michigan",-83.9722213745,42.0705566406
"Clinton, Minnesota",city,"http://dbpedia.org/resource/Clinton,_Minnesota",-96.4361114502,45.4597206116
"Clinton, Mississippi",city,"http://dbpedia.org/resource/Clinton,_Mississippi",-90.3216629028,32.3416671753
"Clinton, Missouri",city,"http://dbpedia.org/resource/Clinton,_Missouri",-93.7716674805,38.3699989319
"Clinton, Montana",CDP,"http://dbpedia.org/resource/Clinton,_Montana",-113.7149963379,46.7758331299
"Clinton, Nebraska",village,"http://dbpedia.org/resource/Clinton,_Nebraska",-102.3486099243,42.7594451904
"Clinton, New Jersey",town,"http://dbpedia.org/resource/Clinton,_New_Jersey",-74.9152069092,40.6368103027
"Clinton, Clinton County, New York",town,"http://dbpedia.org/resource/Clinton,_Clinton_County,_New_York",-73.9475021362,44.9430541992
"Clinton, Dutchess County, New York",town,"http://dbpedia.org/resource/Clinton,_Dutchess_County,_New_York",-73.8166656494,41.8499984741
"Clinton, Oneida County, New York",village,"http://dbpedia.org/resource/Clinton,_Oneida_County,_New_York",-75.380279541,43.0488891602
"Clinton, North Carolina",city,"http://dbpedia.org/resource/Clinton,_North_Carolina",-78.3288879395,35.0024986267
"Clinton, Ohio",village,"http://dbpedia.org/resource/Clinton,_Ohio",-81.6330566406,40.9233322144
"Clinton, Oklahoma",city,"http://dbpedia.org/resource/Clinton,_Oklahoma",-98.9741668701,35.5094451904
"Clinton, South Carolina",city,"http://dbpedia.org/resource/Clinton,_South_Carolina",-81.875,34.4713897705
"Clinton, Tennessee",city,"http://dbpedia.org/resource/Clinton,_Tennessee",-84.1286087036,36.1047210693
"Clinton, Utah",city,"http://dbpedia.org/resource/Clinton,_Utah",-112.0533370972,41.1394462585
"Clinton, Washington",CDP,"http://dbpedia.org/resource/Clinton,_Washington",-122.3562469482,47.9761123657
"Clinton, Wisconsin",village,"http://dbpedia.org/resource/Clinton_(village),_Rock_County,_Wisconsin",-88.864440918,42.5566673279
"Fairview, Alabama",town,"http://dbpedia.org/resource/Fairview,_Alabama",-86.6877746582,34.2486114502
"Fairview, California",CDP,"http://dbpedia.org/resource/Fairview,_California",-122.045829773,37.6786117554
"Fairview, Georgia",CDP,"http://dbpedia.org/resource/Fairview,_Georgia",-85.2886123657,34.9347229004
"Fairview, Illinois",village,"http://dbpedia.org/resource/Fairview,_Illinois",-90.1691665649,40.6361122131
"Fairview, Kansas",city,"http://dbpedia.org/resource/Fairview,_Kansas",-95.7275009155,39.8400001526
"Fairview, Christian County, Kentucky",town,"http://dbpedia.org/resource/Fairview,_Kentucky",-87.3038864136,36.843334198
"Fairview, Kenton County, Kentucky",city,"http://dbpedia.org/resource/Fairview,_Kenton_County,_Kentucky",-84.4888916016,38.9977760315
"Fairview, Missouri",town,"http://dbpedia.org/resource/Fairview,_Missouri",-94.0875015259,36.8183326721
"Fairview, Montana",town,"http://dbpedia.org/resource/Fairview,_Montana",-104.048614502,47.8516654968
"Fairview, Bergen County, New Jersey",borough,"http://dbpedia.org/resource/Fairview,_Bergen_County,_New_Jersey",-74.0030593872,40.8210525513
"Fairview, Monmouth County, New Jersey",CDP,"http://dbpedia.org/resource/Fairview,_Monmouth_County,_New_Jersey",-74.0805892944,40.3653106689
"Fairview, Dutchess County, New York",CDP,"http://dbpedia.org/resource/Fairview,_Dutchess_County,_New_York",-73.9147186279,41.7275009155
"Fairview, Westchester County, New York",CDP,"http://dbpedia.org/resource/Fairview,_Westchester_County,_New_York",-73.7977752686,41.0436096191
"Fairview, North Carolina",CDP,"http://dbpedia.org/resource/Fairview,_Buncombe_County,_North_Carolina",-82.4022216797,35.5177764893
"Fairview, North Carolina",town,"http://dbpedia.org/resource/Fairview,_Union_County,_North_Carolina",-80.5375671387,35.1384773254
"Fairview, Ohio",village,"http://dbpedia.org/resource/Fairview,_Ohio",-81.2336120605,40.0569458008
"Fairview, Oklahoma",city,"http://dbpedia.org/resource/Fairview,_Oklahoma",-98.4770202637,36.2705116272
"Fairview, Oregon",city,"http://dbpedia.org/resource/Fairview,_Oregon",-122.4388885498,45.5419425964
"Fairview, Pennsylvania",borough,"http://dbpedia.org/resource/Fairview,_Butler_County,_Pennsylvania",-79.7433319092,41.0152778625
"Fairview, South Dakota",town,"http://dbpedia.org/resource/Fairview,_South_Dakota",-96.489440918,43.2222213745
"Fairview, Tennessee",city,"http://dbpedia.org/resource/Fairview,_Tennessee",-87.1291656494,35.9819450378
"Fairview, Texas",town,"http://dbpedia.org/resource/Fairview,_Texas",-96.6197433472,33.1483268738
"Fairview, Utah",city,"http://dbpedia.org/resource/Fairview,_Utah",-111.4382629395,39.6288871765
"Fairview, West Virginia",town,"http://dbpedia.org/resource/Fairview,_West_Virginia",-80.2472229004,39.5927772522
"Fairview, Wyoming",CDP,"http://dbpedia.org/resource/Fairview,_Wyoming",-110.988609314,42.6891670227
"Salem, Fulton County, Arkansas",city,"http://dbpedia.org/resource/Salem,_Fulton_County,_Arkansas",-91.823890686,36.3705558777
"Salem, Saline County, Arkansas",CDP,"http://dbpedia.org/resource/Salem,_Saline_County,_Arkansas",-92.561668396,34.6294441223
"Salem, Connecticut",town,"http://dbpedia.org/resource/Salem,_Connecticut",-72.2663879395,41.4830551147
"Salem, Georgia",CDP,"http://dbpedia.org/resource/Salem,_Georgia",-84.198890686,32.7486114502
"Salem, Illinois",city,"http://dbpedia.org/resource/Salem,_Illinois",-88.9499969482,38.6333351135
"Salem, Indiana",city,"http://dbpedia.org/resource/Salem,_Indiana",-86.0988922119,38.6041679382
"Salem, Iowa",city,"http://dbpedia.org/resource/Salem,_Iowa",-91.6208343506,40.8530540466
"Salem, Kentucky",city,"http://dbpedia.org/resource/Salem,_Kentucky",-88.2411117554,37.2647209167
"Salem, Massachusetts",city,"http://dbpedia.org/resource/Salem,_Massachusetts",-70.8986129761,42.5169448853
"Salem, Michigan",village,"http://dbpedia.org/resource/Salem_Township,_Washtenaw_County,_Michigan",-83.5999984741,42.4000015259
"Salem, Missouri",city,"http://dbpedia.org/resource/Salem,_Missouri",-91.5388870239,37.6413879395
"Salem, Nebraska",village,"http://dbpedia.org/resource/Salem,_Nebraska",-95.7230529785,40.0766677856
"Salem, New Hampshire",town,"http://dbpedia.org/resource/Salem,_New_Hampshire",-71.2008361816,42.7883338928
"Salem, New Jersey",city,"http://dbpedia.org/resource/Salem,_New_Jersey",-75.4725494385,39.5682373047
"Salem, New Mexico",CDP,"http://dbpedia.org/resource/Salem,_New_Mexico",-107.2122192383,32.7099990845
"Salem, New York",village,"http://dbpedia.org/resource/Salem_(village),_New_York",-73.3283309937,43.1730537415
"Salem, North Carolina",CDP,"http://dbpedia.org/resource/Salem,_North_Carolina",-81.698890686,35.7038879395
"Salem, Ohio",city,"http://dbpedia.org/resource/Salem,_Ohio",-80.8527755737,40.9008331299
"Salem, Oklahoma",CDP,"http://dbpedia.org/resource/Salem,_Oklahoma",-94.57472229,35.7672233582
"Salem, Oregon",city,"http://dbpedia.org/resource/Salem,_Oregon",-123.0288925171,44.9308319092
"Salem, South Carolina",town,"http://dbpedia.org/resource/Salem,_South_Carolina",-82.9747238159,34.8886108398
"Salem, South Dakota",city,"http://dbpedia.org/resource/Salem,_South_Dakota",-97.3866653442,43.7261123657
"Salem, Utah",city,"http://dbpedia.org/resource/Salem,_Utah",-111.6725006104,40.0505561829
"Salem, Virginia",city,"http://dbpedia.org/resource/Salem,_Virginia",-80.0558319092,37.2866668701
"Salem, West Virginia",city,"http://dbpedia.org/resource/Salem,_West_Virginia",-80.5627746582,39.2833328247
"Salem, Kenosha County, Wisconsin",town,"http://dbpedia.org/resource/Salem,_Kenosha_County,_Wisconsin",-88.1108322144,42.5547218323
"Madison, Alabama",city,"http://dbpedia.org/resource/Madison,_Alabama",-86.7397232056,34.7150001526
"Madison, Arkansas",city,"http://dbpedia.org/resource/Madison,_Arkansas",-90.7269439697,35.0136108398
"Madison, Connecticut",town,"http://dbpedia.org/resource/Madison,_Connecticut",-72.6333312988,41.3333320618
"Madison, Florida",city,"http://dbpedia.org/resource/Madison,_Florida",-83.4166641235,30.4666671753
"Madison, Georgia",city,"http://dbpedia.org/resource/Madison,_Georgia",-83.4725036621,33.588054657
"Madison, Illinois",city,"http://dbpedia.org/resource/Madison,_Illinois",-90.1511077881,38.6836128235
"Madison, Indiana",city,"http://dbpedia.org/resource/Madison,_Indiana",-85.4000015259,38.75
"Madison, Kansas",city,"http://dbpedia.org/resource/Madison,_Kansas",-96.13722229,38.1330566406
"Madison, Maine",town,"http://dbpedia.org/resource/Madison,_Maine",-69.8797225952,44.7977790833
"Madison, Minnesota",city,"http://dbpedia.org/resource/Madison,_Minnesota",-96.1958312988,45.0136108398
"Madison, Mississippi",city,"http://dbpedia.org/resource/Madison,_Mississippi",-90.1086120605,32.456943512
"Madison, Missouri",city,"http://dbpedia.org/resource/Madison,_Missouri",-92.2122192383,39.4733314514
"Madison, Nebraska",city,"http://dbpedia.org/resource/Madison,_Nebraska",-97.4569473267,41.8274993896
"Madison, New Hampshire",town,"http://dbpedia.org/resource/Madison,_New_Hampshire",-71.1677780151,43.9038887024
"Madison, New Jersey",borough,"http://dbpedia.org/resource/Madison,_New_Jersey",-74.4178009033,40.7579994202
"Madison, New York",village,"http://dbpedia.org/resource/Madison_(village),_New_York",-75.5152740479,42.9008331299
"Madison, North Carolina",town,"http://dbpedia.org/resource/Madison,_North_Carolina",-79.9691696167,36.3869438171
"Madison, Ohio",village,"http://dbpedia.org/resource/Madison,_Ohio",-81.0530548096,41.7716674805
"Madison, Pennsylvania",borough,"http://dbpedia.org/resource/Madison,_Pennsylvania",-79.6794433594,40.2486114502
"Madison, South Dakota",city,"http://dbpedia.org/resource/Madison,_South_Dakota",-97.1147232056,44.0077781677
"Madison, Tennessee",village,"http://dbpedia.org/resource/Madison,_Tennessee",-86.7138900757,36.256111145
"Madison, Virginia",town,"http://dbpedia.org/resource/Madison,_Virginia",-78.2580566406,38.3808326721
"Madison, West Virginia",city,"http://dbpedia.org/resource/Madison,_West_Virginia",-81.8183364868,38.0619430542
"Madison, Wisconsin",capital,"http://dbpedia.org/resource/Madison,_Wisconsin",-89.4000015259,43.0666656494
"Georgetown, Arkansas",town,"http://dbpedia.org/resource/Georgetown,_Arkansas",-91.4533309937,35.1277770996
"Georgetown, California",CDP,"http://dbpedia.org/resource/Georgetown,_California",-120.8386077881,38.9069442749
"Georgetown, Colorado",town,"http://dbpedia.org/resource/Georgetown,_Colorado",-105.6958312988,39.7125015259
"Georgetown, Connecticut",CDP,"http://dbpedia.org/resource/Georgetown,_Connecticut",-73.4347229004,41.2555541992
"Georgetown, Delaware",town,"http://dbpedia.org/resource/Georgetown,_Delaware",-75.3866653442,38.6902770996
"Georgetown, Chatham County, Georgia",CDP,"http://dbpedia.org/resource/Georgetown,_Chatham_County,_Georgia",-81.2321166992,31.9796123505
"Georgetown, Quitman County, Georgia",city,"http://dbpedia.org/resource/Georgetown,_Quitman_County,_Georgia",-85.1014862061,31.8839988709
"Georgetown, Idaho",city,"http://dbpedia.org/resource/Georgetown,_Idaho",-111.3658370972,42.4777793884
"Georgetown, Illinois",city,"http://dbpedia.org/resource/Georgetown,_Illinois",-87.6361083984,39.9786109924
"Georgetown, Floyd County, Indiana",town,"http://dbpedia.org/resource/Georgetown,_Floyd_County,_Indiana",-85.9708328247,38.2999992371
"Georgetown, St. Joseph County, Indiana",CDP,"http://dbpedia.org/resource/Georgetown,_St._Joseph_County,_Indiana",-86.2222213745,41.7294425964
"Georgetown, Kentucky",city,"http://dbpedia.org/resource/Georgetown,_Kentucky",-84.5599975586,38.2097206116
"Georgetown, Louisiana",village,"http://dbpedia.org/resource/Georgetown,_Louisiana",-92.3822250366,31.7641658783
"Georgetown, Maine",town,"http://dbpedia.org/resource/Georgetown,_Maine",-69.7433319092,43.8105545044
"Georgetown, Massachusetts",town,"http://dbpedia.org/resource/Georgetown,_Massachusetts",-70.9916687012,42.7249984741
"Georgetown, Minnesota",city,"http://dbpedia.org/resource/Georgetown,_Minnesota",-96.7941665649,47.0791664124
"Georgetown, Mississippi",town,"http://dbpedia.org/resource/Georgetown,_Mississippi",-90.1641693115,31.8711109161
"Georgetown, New York",town,"http://dbpedia.org/resource/Georgetown,_New_York",-75.7463912964,42.787776947
"Georgetown, Ohio",village,"http://dbpedia.org/resource/Georgetown,_Ohio",-83.9024963379,38.8669433594
"Georgetown, Beaver County, Pennsylvania",borough,"http://dbpedia.org/resource/Georgetown,_Beaver_County,_Pennsylvania",-80.5,40.6411094666
"Georgetown, South Carolina",city,"http://dbpedia.org/resource/Georgetown,_South_Carolina",-79.2938919067,33.3675003052
"Georgetown, Tennessee",village,"http://dbpedia.org/resource/Georgetown,_Tennessee",-84.9449996948,35.2859992981
"Georgetown, Texas",city,"http://dbpedia.org/resource/Georgetown,_Texas",-97.6813354492,30.6511116028
"Georgetown, Washington DC",principality,"http://dbpedia.org/resource/Georgetown_(Washington,_D.C.)",-77.0650024414,38.9094429016
"Ashland, Alabama",city,"http://dbpedia.org/resource/Ashland,_Alabama",-85.8369445801,33.2719459534
"Ashland, California",CDP,"http://dbpedia.org/resource/Ashland,_California",-122.1138916016,37.6947212219
"Ashland, Illinois",village,"http://dbpedia.org/resource/Ashland,_Illinois",-90.0088882446,39.888053894
"Ashland, Kansas",city,"http://dbpedia.org/resource/Ashland,_Kansas",-99.7691650391,37.186668396
"Ashland, Kentucky",city,"http://dbpedia.org/resource/Ashland,_Kentucky",-82.6416702271,38.4638900757
"Ashland, Louisiana",village,"http://dbpedia.org/resource/Ashland,_Natchitoches_Parish,_Louisiana",-93.1147232056,32.1163902283
"Ashland, Maine",town,"http://dbpedia.org/resource/Ashland,_Maine",-68.4061126709,46.6277770996
"Ashland, Massachusetts",town,"http://dbpedia.org/resource/Ashland,_Massachusetts",-71.4638900757,42.2611122131
"Ashland, Mississippi",town,"http://dbpedia.org/resource/Ashland,_Mississippi",-89.1791687012,34.8325004578
"Ashland, Missouri",city,"http://dbpedia.org/resource/Ashland,_Missouri",-92.257774353,38.7733345032
"Ashland, Montana",CDP,"http://dbpedia.org/resource/Ashland,_Montana",-106.2863922119,45.6074981689
"Ashland, Nebraska",city,"http://dbpedia.org/resource/Ashland,_Nebraska",-96.3724975586,41.0405540466
"Ashland, New Hampshire",town,"http://dbpedia.org/resource/Ashland,_New_Hampshire",-71.6316680908,43.6949996948
"Ashland, New Jersey",CDP,"http://dbpedia.org/resource/Ashland,_New_Jersey",-75.0082626343,39.8762283325
"Ashland, Chemung County, New York",town,"http://dbpedia.org/resource/Ashland,_Chemung_County,_New_York",-76.739440918,42.0224990845
"Ashland, Greene County, New York",town,"http://dbpedia.org/resource/Ashland,_Greene_County,_New_York",-74.3391647339,42.3036117554
"Ashland, Ohio",city,"http://dbpedia.org/resource/Ashland,_Ohio",-82.3152770996,40.8669433594
"Ashland, Oklahoma",town,"http://dbpedia.org/resource/Ashland,_Oklahoma",-96.0697250366,34.7680549622
"Ashland, Oregon",city,"http://dbpedia.org/resource/Ashland,_Oregon",-122.7008361816,42.1913871765
"Ashland, Pennsylvania",borough,"http://dbpedia.org/resource/Ashland,_Pennsylvania",-76.3444442749,40.781665802
"Ashland, Virginia",town,"http://dbpedia.org/resource/Ashland,_Virginia",-77.4772186279,37.7594451904
"Ashland, Wisconsin",city,"http://dbpedia.org/resource/Ashland,_Wisconsin",-90.8799972534,46.5900001526
"Oxford, Alabama",city,"http://dbpedia.org/resource/Oxford,_Alabama",-85.8386077881,33.5969429016
"Oxford, Arkansas",city,"http://dbpedia.org/resource/Oxford,_Arkansas",-91.9188919067,36.2174987793
"Oxford, Connecticut",town,"http://dbpedia.org/resource/Oxford,_Connecticut",-73.1347198486,41.4300003052
"Oxford, Florida",city,"http://dbpedia.org/resource/Oxford,_Florida",-82.0372238159,28.9274997711
"Oxford, Georgia",city,"http://dbpedia.org/resource/Oxford,_Georgia",-83.8700027466,33.624168396
"Oxford, Idaho",city,"http://dbpedia.org/resource/Oxford,_Idaho",-112.0202789307,42.2597236633
"Oxford, Indiana",town,"http://dbpedia.org/resource/Oxford,_Indiana",-87.2497253418,40.5213890076
"Oxford, Iowa",city,"http://dbpedia.org/resource/Oxford,_Iowa",-91.7897186279,41.7227783203
"Oxford, Kansas",city,"http://dbpedia.org/resource/Oxford,_Kansas",-97.1698226929,37.274723053
"Oxford, Kentucky",village,"http://dbpedia.org/resource/Oxford,_Kentucky",-84.5030517578,38.2683334351
"Oxford, Maine",town,"http://dbpedia.org/resource/Oxford,_Maine",-70.4950027466,44.1269454956
"Oxford, Maryland",town,"http://dbpedia.org/resource/Oxford,_Maryland",-76.1708297729,38.686668396
"Oxford, Massachusetts",town,"http://dbpedia.org/resource/Oxford,_Massachusetts",-71.8652801514,42.1166648865
"Oxford, Michigan",village,"http://dbpedia.org/resource/Oxford,_Michigan",-83.2647247314,42.82472229
"Oxford, Mississippi",city,"http://dbpedia.org/resource/Oxford,_Mississippi",-89.5261077881,34.3597221375
"Oxford, Missouri",village,"http://dbpedia.org/resource/Oxford,_Missouri",-94.5405578613,40.4211120605
"Oxford, Nebraska",village,"http://dbpedia.org/resource/Oxford,_Nebraska",-99.632774353,40.2522239685
"Oxford, New Jersey",CDP,"http://dbpedia.org/resource/Oxford_(CDP),_New_Jersey",-75.0014648438,40.8060035706
"Oxford, New York",village,"http://dbpedia.org/resource/Oxford_(village),_New_York",-75.5977783203,42.4422225952
"Oxford, North Carolina",city,"http://dbpedia.org/resource/Oxford,_North_Carolina",-78.5908355713,36.3119430542
"Oxford, Ohio",city,"http://dbpedia.org/resource/Oxford,_Ohio",-84.7466659546,39.5074996948
"Oxford, Pennsylvania",borough,"http://dbpedia.org/resource/Oxford,_Pennsylvania",-75.9783325195,39.7838897705
"Oxford, Wisconsin",village,"http://dbpedia.org/resource/Oxford,_Wisconsin",-89.5697250366,43.7724990845
"Arlington, Arizona",town,"http://dbpedia.org/resource/Arlington,_Arizona",-112.7641677856,33.325553894
"Arlington, Georgia",city,"http://dbpedia.org/resource/Arlington,_Georgia",-84.7247238159,31.4394435883
"Arlington, Illinois",village,"http://dbpedia.org/resource/Arlington,_Illinois",-89.2469482422,41.4722213745
"Arlington, Iowa",city,"http://dbpedia.org/resource/Arlington,_Iowa",-91.6716690063,42.7480545044
"Arlington, Kansas",city,"http://dbpedia.org/resource/Arlington,_Kansas",-98.1794433594,37.8963890076
"Arlington, Kentucky",city,"http://dbpedia.org/resource/Arlington,_Kentucky",-89.011390686,36.7912979126
"Arlington, Massachusetts",town,"http://dbpedia.org/resource/Arlington,_Massachusetts",-71.1569442749,42.4152793884
"Arlington, Minnesota",city,"http://dbpedia.org/resource/Arlington,_Minnesota",-94.0805587769,44.6077766418
"Arlington, Nebraska",village,"http://dbpedia.org/resource/Arlington,_Nebraska",-96.3572235107,41.4541664124
"Arlington, New York",CDP,"http://dbpedia.org/resource/Arlington,_New_York",-73.8919448853,41.6949996948
"Arlington, North Carolina",town,"http://dbpedia.org/resource/Arlington,_North_Carolina",-80.8319473267,36.2275009155
"Arlington, Ohio",village,"http://dbpedia.org/resource/Arlington,_Ohio",-83.6503219604,40.8933067322
"Arlington, Oregon",city,"http://dbpedia.org/resource/Arlington,_Oregon",-120.19972229,45.7150001526
"Arlington, South Dakota",city,"http://dbpedia.org/resource/Arlington,_South_Dakota",-97.1347198486,44.3644447327
"Arlington, Tennessee",town,"http://dbpedia.org/resource/Arlington,_Tennessee",-89.6733322144,35.2777786255
"Arlington, Texas",city,"http://dbpedia.org/resource/Arlington,_Texas",-97.1227798462,32.7022666931
"Arlington, Vermont",town,"http://dbpedia.org/resource/Arlington,_Vermont",-73.1638870239,43.07472229
"Arlington County, Virginia",Urban County,"http://dbpedia.org/resource/Arlington_County,_Virginia",-77.1083297729,38.880279541
"Arlington, Northampton County, Virginia",CDP,"http://dbpedia.org/resource/Arlington,_Northampton_County,_Virginia",-76.0039749146,37.2198371887
"Arlington, Washington",city,"http://dbpedia.org/resource/Arlington,_Washington",-122.1388854981,48.1811103821
"Arlington, Wisconsin",village,"http://dbpedia.org/resource/Arlington,_Wisconsin",-89.4124984741,43.3452758789
"Arlington, Wyoming",CDP,"http://dbpedia.org/resource/Arlington,_Wyoming",-106.2083358765,41.5947227478
"Jackson, Alabama",city,"http://dbpedia.org/resource/Jackson,_Alabama",-87.8909988403,31.5209999084
"Jackson, California",city,"http://dbpedia.org/resource/Jackson,_California",-120.7741699219,38.3488883972
"Jackson, Georgia",city,"http://dbpedia.org/resource/Jackson,_Georgia",-83.9625015259,33.293598175
"Jackson, Kentucky",city,"http://dbpedia.org/resource/Jackson,_Kentucky",-83.3883361816,37.5530548096
"Jackson, Louisiana",town,"http://dbpedia.org/resource/Jackson,_Louisiana",-91.2144470215,30.8708324432
"Jackson, Maine",town,"http://dbpedia.org/resource/Jackson,_Maine",-69.1469421387,44.6030540466
"Jackson, Michigan",city,"http://dbpedia.org/resource/Jackson,_Michigan",-84.4072189331,42.2441673279
"Jackson, Minnesota",city,"http://dbpedia.org/resource/Jackson,_Minnesota",-94.988609314,43.6208343506
"Jackson, Mississippi",city,"http://dbpedia.org/resource/Jackson,_Mississippi",-90.1847229004,32.2988891602
"Jackson, Missouri",city,"http://dbpedia.org/resource/Jackson,_Missouri",-89.6580581665,37.3800010681
"Jackson, Montana",village,"http://dbpedia.org/resource/Jackson,_Montana",-113.4088897705,45.368057251
"Jackson, Nebraska",village,"http://dbpedia.org/resource/Jackson,_Nebraska",-96.5661087036,42.448890686
"Jackson, New Hampshire",town,"http://dbpedia.org/resource/Jackson,_New_Hampshire",-71.1808319092,44.1458320618
"Jackson, New Jersey",town,"http://dbpedia.org/resource/Jackson_Township,_New_Jersey",-74.3561782837,40.0930786133
"Jackson, New York",town,"http://dbpedia.org/resource/Jackson,_New_York",-73.3775024414,43.0972213745
"Jackson, North Carolina",town,"http://dbpedia.org/resource/Jackson,_North_Carolina",-77.4222259521,36.3902778625
"Jackson, Ohio",city,"http://dbpedia.org/resource/Jackson,_Ohio",-82.6397247314,39.0508346558
"Jackson, South Carolina",Town,"http://dbpedia.org/resource/Jackson,_South_Carolina",-81.7900009155,33.3305549622
"Fort Jackson, South Carolina",Military base,http://dbpedia.org/resource/Fort_Jackson_(South_Carolina),-80.8222198486,34.0391654968
"Jackson, Tennessee",city,"http://dbpedia.org/resource/Jackson,_Tennessee",-88.8208312988,35.6330566406
"Jackson, Wisconsin",village,"http://dbpedia.org/resource/Jackson_(village),_Wisconsin",-88.1711120605,43.3230552673
"Jackson, Wyoming",town,"http://dbpedia.org/resource/Jackson,_Wyoming",-110.7691650391,43.475276947
"Burlington, Colorado",city,"http://dbpedia.org/resource/Burlington,_Colorado",-102.2714614868,39.3041648865
"Burlington, Connecticut",town,"http://dbpedia.org/resource/Burlington,_Connecticut",-72.9577789307,41.7586097717
"Burlington, Illinois",village,"http://dbpedia.org/resource/Burlington,_Illinois",-88.5483322144,42.0522232056
"Burlington, Indiana",town,"http://dbpedia.org/resource/Burlington,_Indiana",-86.3944473267,40.480556488
"Burlington, Iowa",city,"http://dbpedia.org/resource/Burlington,_Iowa",-91.1158370972,40.8080558777
"Burlington, Kansas",city,"http://dbpedia.org/resource/Burlington,_Kansas",-95.745552063,38.194442749
"Burlington, Kentucky",CDP,"http://dbpedia.org/resource/Burlington,_Kentucky",-84.7172241211,39.0238876343
"Burlington, Maine",town,"http://dbpedia.org/resource/Burlington,_Maine",-68.42527771,45.2088890076
"Burlington, Massachusetts",town,"http://dbpedia.org/resource/Burlington,_Massachusetts",-71.1961135864,42.5047225952
"Burlington, Michigan",village,"http://dbpedia.org/resource/Burlington,_Michigan",-85.0786132813,42.1047210693
"Burlington, New Jersey",city,"http://dbpedia.org/resource/Burlington,_New_Jersey",-74.8639984131,40.0709991455
"Burlington, New York",town,"http://dbpedia.org/resource/Burlington,_New_York",-75.1413879395,42.7227783203
"Burlington, North Carolina",city,"http://dbpedia.org/resource/Burlington,_North_Carolina",-79.4455566406,36.0897216797
"Burlington, North Dakota",city,"http://dbpedia.org/resource/Burlington,_North_Dakota",-101.4277801514,48.2774734497
"Burlington, Ohio",CDP,"http://dbpedia.org/resource/Burlington,_Ohio",-82.5280532837,38.4099998474
"Burlington, Oklahoma",town,"http://dbpedia.org/resource/Burlington,_Oklahoma",-98.4233322144,36.899723053
"Burlington, Pennsylvania",borough,"http://dbpedia.org/resource/Burlington,_Pennsylvania",-76.6086120605,41.7827758789
"Burlington, Vermont",city,"http://dbpedia.org/resource/Burlington,_Vermont",-73.2119445801,44.4758338928
"Burlington, Washington",city,"http://dbpedia.org/resource/Burlington,_Washington",-122.3282470703,48.4720802307
"Burlington, Wisconsin",city,"http://dbpedia.org/resource/Burlington,_Wisconsin",-88.2780532837,42.6777763367
"Burlington, Wyoming",town,"http://dbpedia.org/resource/Burlington,_Wyoming",-108.430557251,44.4461097717
"Manchester, Connecticut",town,"http://dbpedia.org/resource/Manchester,_Connecticut",-72.5241699219,41.7752761841
"Manchester, Georgia",city,"http://dbpedia.org/resource/Manchester,_Georgia",-84.6175003052,32.8561096191
"Manchester, Illinois",village,"http://dbpedia.org/resource/Manchester,_Illinois",-90.3294448853,39.5419425964
"Manchester, Iowa",city,"http://dbpedia.org/resource/Manchester,_Iowa",-91.4572219849,42.4861106873
"Manchester, Kansas",city,"http://dbpedia.org/resource/Manchester,_Kansas",-97.3213882446,39.0936126709
"Manchester, Kentucky",city,"http://dbpedia.org/resource/Manchester,_Kentucky",-83.7633361816,37.1527786255
"Manchester, Maine",town,"http://dbpedia.org/resource/Manchester,_Maine",-69.8761138916,44.3138885498
"Manchester, Maryland",town,"http://dbpedia.org/resource/Manchester,_Maryland",-76.888053894,39.6616668701
"Manchester, Michigan",village,"http://dbpedia.org/resource/Manchester,_Michigan",-84.0377807617,42.1494445801
"Manchester, Minnesota",city,"http://dbpedia.org/resource/Manchester,_Minnesota",-93.4519424438,43.7249984741
"Manchester, Missouri",city,"http://dbpedia.org/resource/Manchester,_Missouri",-90.5074996948,38.5841674805
"Manchester, New Hampshire",city,"http://dbpedia.org/resource/Manchester,_New_Hampshire",-71.4636077881,42.9908332825
"Manchester, New Jersey",township,"http://dbpedia.org/resource/Manchester_Township,_New_Jersey",-74.3755645752,39.9555168152
"Manchester, New York",village,"http://dbpedia.org/resource/Manchester_(village),_New_York",-77.2261123657,42.9694442749
"Manchester, Ohio",village,"http://dbpedia.org/resource/Manchester,_Ohio",-83.6091690063,38.6894454956
"Manchester, Oklahoma",town,"http://dbpedia.org/resource/Manchester,_Oklahoma",-98.0366668701,36.9933319092
"Manchester, Pennsylvania",borough,"http://dbpedia.org/resource/Manchester,_Pennsylvania",-76.7197189331,40.0608329773
"Manchester, Tennessee",city,"http://dbpedia.org/resource/Manchester,_Tennessee",-86.0855560303,35.4733314514
"Manchester, Vermont",town,"http://dbpedia.org/resource/Manchester_(town),_Vermont",-73.0800018311,43.1408348084
"Manchester, Virginia",community,"http://dbpedia.org/resource/Manchester,_Richmond,_Virginia",-77.4441680908,37.5211105347
"Manchester, Washington",CDP,"http://dbpedia.org/resource/Manchester,_Washington",-122.5500030518,47.5522232056
"Manchester, Massachusetts",Town,"http://dbpedia.org/resource/Manchester-by-the-Sea,_Massachusetts",-70.7694473267,42.5777778625
"Milton, Delaware",town,"http://dbpedia.org/resource/Milton,_Delaware",-75.3127746582,38.7799987793
"Milton, Florida",city,"http://dbpedia.org/resource/Milton,_Florida",-87.0464859009,30.6302776337
"Milton, Georgia",city,"http://dbpedia.org/resource/Milton,_Georgia",-84.3006668091,34.1321640015
"Milton, Illinois",village,"http://dbpedia.org/resource/Milton,_Illinois",-90.6488876343,39.5641670227
"Milton, Indiana",town,"http://dbpedia.org/resource/Milton,_Indiana",-85.1561126709,39.7855567932
"Milton, Iowa",city,"http://dbpedia.org/resource/Milton,_Iowa",-92.1616668701,40.6730537415
"Milton, Kentucky",city,"http://dbpedia.org/resource/Milton,_Kentucky",-85.375,38.7099990845
"Milton, Louisiana",town,"http://dbpedia.org/resource/Milton,_Louisiana",-92.076385498,30.1038894653
"Milton, Massachusetts",town,"http://dbpedia.org/resource/Milton,_Massachusetts",-71.0666656494,42.25
"Milton, New Hampshire",town,"http://dbpedia.org/resource/Milton,_New_Hampshire",-70.9883346558,43.4097213745
"Milton, Saratoga County, New York",CDP,"http://dbpedia.org/resource/Milton_(CDP),_Saratoga_County,_New_York",-73.8483352661,43.0347213745
"Milton, Ulster County, New York",CDP,"http://dbpedia.org/resource/Milton,_Ulster_County,_New_York",-73.9599990845,41.6588897705
"Milton, North Carolina",town,"http://dbpedia.org/resource/Milton,_North_Carolina",-79.2080535889,36.5366668701
"Milton, North Dakota",city,"http://dbpedia.org/resource/Milton,_North_Dakota",-98.0416641235,48.6263885498
"Milton Township, Ashland County, Ohio",townships,"http://dbpedia.org/resource/Milton_Township,_Ashland_County,_Ohio",-82.3752746582,40.8513870239
"Milton Township, Jackson County, Ohio",townships,"http://dbpedia.org/resource/Milton_Township,_Jackson_County,_Ohio",-82.499168396,39.0927772522
"Milton Township, Mahoning County, Ohio",townships,"http://dbpedia.org/resource/Milton_Township,_Mahoning_County,_Ohio",-80.9719467163,41.0997238159
"Milton Township, Wayne County, Ohio",townships,"http://dbpedia.org/resource/Milton_Township,_Wayne_County,_Ohio",-81.8077774048,40.9619445801
"Milton Township, Wood County, Ohio",townships,"http://dbpedia.org/resource/Milton_Township,_Wood_County,_Ohio",-83.8286132813,41.3022232056
"Milton, Pennsylvania",borough,"http://dbpedia.org/resource/Milton,_Pennsylvania",-76.8541641235,41.0119438171
"Milton, Tennessee",village,"http://dbpedia.org/resource/Milton,_Tennessee",-86.1816635132,35.9297218323
"Milton, Vermont",town,"http://dbpedia.org/resource/Milton,_Vermont",-73.1369476318,44.6313896179
"Milton, Washington",city,"http://dbpedia.org/resource/Milton,_Washington",-122.3174972534,47.2483329773
"Milton, West Virginia",town,"http://dbpedia.org/resource/Milton,_West_Virginia",-82.1333312988,38.4359970093
"Milton, Wisconsin",city,"http://dbpedia.org/resource/Milton,_Wisconsin",-88.9550018311,42.7777786255
"Newport, Arkansas",city,"http://dbpedia.org/resource/Newport,_Arkansas",-91.26222229,35.611946106
"Newport, California",city,"http://dbpedia.org/resource/Newport,_California",-123.7747192383,39.5774993896
"Newport, Delaware",town,"http://dbpedia.org/resource/Newport,_Delaware",-75.6080551147,39.7133331299
"Newport, Indiana",town,"http://dbpedia.org/resource/Newport,_Indiana",-87.4063873291,39.8849983215
"Newport, Kentucky",city,"http://dbpedia.org/resource/Newport,_Kentucky",-84.4902801514,39.0886116028
"Newport, Maine",town,"http://dbpedia.org/resource/Newport,_Maine",-69.2724990845,44.8366661072
"Newport, Minnesota",city,"http://dbpedia.org/resource/Newport,_Minnesota",-93.0019454956,44.8663902283
"Newport, Nebraska",village,"http://dbpedia.org/resource/Newport,_Nebraska",-99.3280563354,42.6008338928
"Newport, New Hampshire",town,"http://dbpedia.org/resource/Newport,_New_Hampshire",-72.1733322144,43.3652763367
"Newport, New York",village,"http://dbpedia.org/resource/Newport_(village),_New_York",-75.0169448853,43.1872215271
"Newport, North Carolina",town,"http://dbpedia.org/resource/Newport,_North_Carolina",-76.8666687012,34.7877044678
"Newport, Ohio",CDP,"http://dbpedia.org/resource/Newport,_Washington_County,_Ohio",-81.2266693115,39.3908348084
"Newport, Oregon",city,"http://dbpedia.org/resource/Newport,_Oregon",-124.0500030518,44.5999984741
"Newport, Pennsylvania",borough,"http://dbpedia.org/resource/Newport,_Pennsylvania",-77.1338882446,40.4783325195
"Newport, Rhode Island",city,"http://dbpedia.org/resource/Newport,_Rhode_Island",-71.3125,41.4880561829
"Newport, South Carolina",CDP,"http://dbpedia.org/resource/Newport,_South_Carolina",-81.0924987793,34.9841651917
"Newport, Tennessee",city,"http://dbpedia.org/resource/Newport,_Tennessee",-83.1966629028,35.9633331299
"Newport, Vermont",city,"http://dbpedia.org/resource/Newport_(city),_Vermont",-72.2044448853,44.9441680908
"Newport, Washington",city,"http://dbpedia.org/resource/Newport,_Washington",-117.0475006104,48.180557251
"Auburn, Alabama",city,"http://dbpedia.org/resource/Auburn,_Alabama",-85.4808349609,32.5977783203
"Auburn, California",city,"http://dbpedia.org/resource/Auburn,_California",-121.0744476318,38.8986129761
"Auburn, Georgia",city,"http://dbpedia.org/resource/Auburn,_Georgia",-83.8319473267,34.0166664124
"Auburn, Illinois",city,"http://dbpedia.org/resource/Auburn,_Illinois",-89.7458343506,39.5888900757
"Auburn, Indiana",city,"http://dbpedia.org/resource/Auburn,_Indiana",-85.0563583374,41.3655052185
"Auburn, Iowa",city,"http://dbpedia.org/resource/Auburn,_Iowa",-94.8772201538,42.250831604
"Auburn, Kansas",city,"http://dbpedia.org/resource/Auburn,_Kansas",-95.8166656494,38.906665802
"Auburn, Kentucky",city,"http://dbpedia.org/resource/Auburn,_Kentucky",-86.7169418335,36.8663902283
"Auburn, Maine",city,"http://dbpedia.org/resource/Auburn,_Maine",-70.2333297729,44.0833320618
"Auburn, Massachusetts",city,"http://dbpedia.org/resource/Auburn,_Massachusetts",-71.8472213745,42.2000007629
"Auburn, Michigan",city,"http://dbpedia.org/resource/Auburn,_Michigan",-84.073890686,43.6027793884
"Auburn, Nebraska",city,"http://dbpedia.org/resource/Auburn,_Nebraska",-95.8422241211,40.3883323669
"Auburn, New Hampshire",town,"http://dbpedia.org/resource/Auburn,_New_Hampshire",-71.3483352661,43.0044441223
"Auburn, New York",city,"http://dbpedia.org/resource/Auburn,_New_York",-76.5666656494,42.9333343506
"Auburn, Ohio",township,"http://dbpedia.org/resource/Auburn_Township,_Geauga_County,_Ohio",-81.2572250366,41.3858337402
"Auburn, Pennsylvania",borough,"http://dbpedia.org/resource/Auburn,_Pennsylvania",-76.0927810669,40.5958328247
"Auburn, Washington",city,"http://dbpedia.org/resource/Auburn,_Washington",-122.2147216797,47.3022232056
"Auburn, West Virginia",town,"http://dbpedia.org/resource/Auburn,_West_Virginia",-80.8566665649,39.0955543518
"Auburn, Wyoming",CDP,"http://dbpedia.org/resource/Auburn,_Wyoming",-111.0049972534,42.7944450378
"Centerville, Georgia",city,"http://dbpedia.org/resource/Centerville,_Georgia",-83.638053894,32.6086120605
"Centerville, Indiana",town,"http://dbpedia.org/resource/Centerville,_Indiana",-84.995552063,39.8161125183
"Centerville, Iowa",city,"http://dbpedia.org/resource/Centerville,_Iowa",-92.8720092773,40.7298355103
"Centerville, Massachusetts",village,"http://dbpedia.org/resource/Centerville,_Massachusetts",-70.3466949463,41.6458892822
"Centerville, Minnesota",city,"http://dbpedia.org/resource/Centerville,_Minnesota",-93.051940918,45.1663894653
"Centerville, Missouri",city,"http://dbpedia.org/resource/Centerville,_Missouri",-90.9611129761,37.4361114502
"Centerville, North Carolina",town,"http://dbpedia.org/resource/Centerville,_North_Carolina",-78.1113891602,36.1850013733
"Centerville, Gallia County, Ohio",village,"http://dbpedia.org/resource/Centerville,_Gallia_County,_Ohio",-82.4458312988,38.8986129761
"Centerville, Montgomery County, Ohio",city,"http://dbpedia.org/resource/Centerville,_Ohio",-84.1480560303,39.6386108398
"Centerville, Crawford County, Pennsylvania",borough,"http://dbpedia.org/resource/Centerville,_Crawford_County,_Pennsylvania",-79.7608337402,41.7352790833
"Centerville, Washington County, Pennsylvania",borough,"http://dbpedia.org/resource/Centerville,_Washington_County,_Pennsylvania",-79.9591674805,40.030834198
"Centerville, South Carolina",CDP,"http://dbpedia.org/resource/Centerville,_South_Carolina",-82.7147216797,34.5224990845
"Centerville, South Dakota",city,"http://dbpedia.org/resource/Centerville,_South_Dakota",-96.9605560303,43.1175003052
"Centerville, Tennessee",town,"http://dbpedia.org/resource/Centerville,_Tennessee",-87.4558334351,35.7883338928
"Centerville, Texas",city,"http://dbpedia.org/resource/Centerville,_Texas",-95.9794464111,31.2563896179
"Centerville, Utah",city,"http://dbpedia.org/resource/Centerville,_Utah",-111.8799972534,40.9269447327
"Centerville, Virginia",town,"http://dbpedia.org/resource/Centerville,_Montgomery_County,_Virginia",-80.5383300781,37.1697235107
"Centerville, Washington",CDP,"http://dbpedia.org/resource/Centerville,_Washington",-120.9047241211,45.7522239685
"Clayton, Alabama",town,"http://dbpedia.org/resource/Clayton,_Alabama",-85.448890686,31.8775005341
"Clayton, California",city,"http://dbpedia.org/resource/Clayton,_California",-121.935836792,37.9411125183
"Clayton, Delaware",town,"http://dbpedia.org/resource/Clayton,_Delaware",-75.6336135864,39.2905540466
"Clayton, Georgia",city,"http://dbpedia.org/resource/Clayton,_Georgia",-83.4016647339,34.8777770996
"Clayton, Idaho",city,"http://dbpedia.org/resource/Clayton,_Idaho",-114.3997192383,44.2588882446
"Clayton, Illinois",village,"http://dbpedia.org/resource/Clayton,_Illinois",-90.9580535889,40.0291671753
"Clayton, Indiana",town,"http://dbpedia.org/resource/Clayton,_Indiana",-86.5227813721,39.6894454956
"Clayton, Iowa",city,"http://dbpedia.org/resource/Clayton,_Iowa",-91.1480560303,42.9030570984
"Clayton, Kansas",city,"http://dbpedia.org/resource/Clayton,_Kansas",-100.176940918,39.7372207642
"Clayton, Louisiana",town,"http://dbpedia.org/resource/Clayton,_Louisiana",-91.5388870239,31.7188892365
"Clayton, Michigan",village,"http://dbpedia.org/resource/Clayton,_Michigan",-84.2363891602,41.8633346558
"Clayton, Missouri",city,"http://dbpedia.org/resource/Clayton,_Missouri",-90.3319473267,38.6452789307
"Clayton, New Jersey",borough,"http://dbpedia.org/resource/Clayton,_New_Jersey",-75.077507019,39.6637573242
"Clayton, New Mexico",town,"http://dbpedia.org/resource/Clayton,_New_Mexico",-103.1808319092,36.44972229
"Clayton, New York",village,"http://dbpedia.org/resource/Clayton_(village),_New_York",-76.0852813721,44.2363891602
"Clayton, North Carolina",town,"http://dbpedia.org/resource/Clayton,_North_Carolina",-78.4580535889,35.6472206116
"Clayton, Ohio",city,"http://dbpedia.org/resource/Clayton,_Ohio",-84.3550796509,39.860660553
"Clayton, Oklahoma",town,"http://dbpedia.org/resource/Clayton,_Oklahoma",-95.3569412231,34.5877761841
"Clayton, Wisconsin",village,"http://dbpedia.org/resource/Clayton_(village),_Wisconsin",-92.1730575562,45.3266677856
"Dayton, Alabama",town,"http://dbpedia.org/resource/Dayton,_Alabama",-87.6411132813,32.3497238159
"Dayton, Idaho",city,"http://dbpedia.org/resource/Dayton,_Idaho",-111.9850006104,42.1116676331
"Dayton, Indiana",town,"http://dbpedia.org/resource/Dayton,_Indiana",-86.7694473267,40.3744430542
"Dayton, Iowa",city,"http://dbpedia.org/resource/Dayton,_Iowa",-94.0691680908,42.2627792358
"Dayton, Kentucky",city,"http://dbpedia.org/resource/Dayton,_Kentucky",-84.4702758789,39.1116676331
"Dayton, Maine",town,"http://dbpedia.org/resource/Dayton,_Maine",-70.5794448853,43.5427780151
"Dayton, Minnesota",city,"http://dbpedia.org/resource/Dayton,_Minnesota",-93.5,45.2000007629
"Dayton, Montana",CDP,"http://dbpedia.org/resource/Dayton,_Montana",-114.2769470215,47.8650016785
"Dayton, Nevada",CDP,"http://dbpedia.org/resource/Dayton,_Nevada",-119.5619430542,39.2516670227
"Dayton, New Jersey",CDP,"http://dbpedia.org/resource/Dayton,_New_Jersey",-74.5133514404,40.3810157776
"Dayton, New York",town,"http://dbpedia.org/resource/Dayton,_New_York",-79,42.4000015259
"Dayton, Ohio",city,"http://dbpedia.org/resource/Dayton,_Ohio",-84.1916656494,39.7594451904
"Dayton, Oregon",city,"http://dbpedia.org/resource/Dayton,_Oregon",-123.0780563355,45.2205543518
"Dayton, Pennsylvania",borough,"http://dbpedia.org/resource/Dayton,_Pennsylvania",-79.2413864136,40.881111145
"Dayton, Tennessee",city,"http://dbpedia.org/resource/Dayton,_Tennessee",-85.0166702271,35.5
"Dayton, Texas",city,"http://dbpedia.org/resource/Dayton,_Texas",-94.8955535889,30.056388855
"Dayton, Virginia",town,"http://dbpedia.org/resource/Dayton,_Virginia",-78.9394454956,38.4163894653
"Dayton, Washington",city,"http://dbpedia.org/resource/Dayton,_Washington",-117.9777755737,46.3197212219
"Dayton, Richland County, Wisconsin",a town,"http://dbpedia.org/resource/Dayton,_Richland_County,_Wisconsin",-90.4961090088,43.3386116028
"Dayton, Waupaca County, Wisconsin",a town,"http://dbpedia.org/resource/Dayton,_Waupaca_County,_Wisconsin",-89.1569442749,44.3066673279
"Dayton, Wyoming",town,"http://dbpedia.org/resource/Dayton,_Wyoming",-107.2647247315,44.875
"Lexington, Alabama",town,"http://dbpedia.org/resource/Lexington,_Alabama",-87.3727798462,34.9661102295
"Lexington, Georgia",city,"http://dbpedia.org/resource/Lexington,_Georgia",-83.1108322144,33.8702774048
"Lexington, Illinois",city,"http://dbpedia.org/resource/Lexington,_Illinois",-88.7852783203,40.6425018311
"Lexington, Kentucky",city,"http://dbpedia.org/resource/Lexington,_Kentucky",-84.494720459,38.0297241211
"Lexington, Massachusetts",town,"http://dbpedia.org/resource/Lexington,_Massachusetts",-71.2266693115,42.4441680908
"Lexington, Michigan",village,"http://dbpedia.org/resource/Lexington,_Michigan",-82.5336074829,43.268611908
"Lexington, Minnesota",city,"http://dbpedia.org/resource/Lexington,_Minnesota",-93.1722259521,45.1375007629
"Lexington, Mississippi",city,"http://dbpedia.org/resource/Lexington,_Mississippi",-90.051109314,33.1144447327
"Lexington, Missouri",city,"http://dbpedia.org/resource/Lexington,_Missouri",-93.875,39.1830558777
"Lexington, Nebraska",city,"http://dbpedia.org/resource/Lexington,_Nebraska",-99.743888855,40.7794456482
"Lexington, New York",town,"http://dbpedia.org/resource/Lexington,_New_York",-74.3847198486,42.2150001526
"Lexington, North Carolina",city,"http://dbpedia.org/resource/Lexington,_North_Carolina",-80.2586135864,35.8166656494
"Lexington, Ohio",village,"http://dbpedia.org/resource/Lexington,_Ohio",-82.5869445801,40.6808586121
"Lexington, Oklahoma",city,"http://dbpedia.org/resource/Lexington,_Oklahoma",-97.3361129761,35.0152778625
"Lexington, Oregon",town,"http://dbpedia.org/resource/Lexington,_Oregon",-119.6880569458,45.4452781677
"Lexington, South Carolina",town,"http://dbpedia.org/resource/Lexington,_South_Carolina",-81.2308349609,33.9811096191
"Lexington, Tennessee",city,"http://dbpedia.org/resource/Lexington,_Tennessee",-88.3925018311,35.6572227478
"Lexington, Texas",town,"http://dbpedia.org/resource/Lexington,_Texas",-97.0086135864,30.4138889313
"Lexington, Virginia",city,"http://dbpedia.org/resource/Lexington,_Virginia",-79.445274353,37.7830543518
"Milford, Connecticut",city,"http://dbpedia.org/resource/Milford,_Connecticut",-73.0597229004,41.2241668701
"Milford, Delaware",city,"http://dbpedia.org/resource/Milford,_Delaware",-75.4294433594,38.912776947
"Milford, Illinois",village,"http://dbpedia.org/resource/Milford,_Illinois",-87.6961135864,40.6283340454
"Milford, Kosciusko County, Indiana",town,"http://dbpedia.org/resource/Milford,_Kosciusko_County,_Indiana",-85.8469467163,41.4091682434
"Milford, Iowa",city,"http://dbpedia.org/resource/Milford,_Iowa",-95.1508331299,43.3269462585
"Milford, Kansas",city,"http://dbpedia.org/resource/Milford,_Kansas",-96.9116668701,39.1733322144
"Milford, Maine",town,"http://dbpedia.org/resource/Milford,_Maine",-68.6399993896,44.9500007629
"Milford, Massachusetts",town,"http://dbpedia.org/resource/Milford,_Massachusetts",-71.5166702271,42.1397209167
"Milford, Michigan",village,"http://dbpedia.org/resource/Milford,_Michigan",-83.5994415283,42.5936126709
"Milford, Missouri",village,"http://dbpedia.org/resource/Milford,_Missouri",-94.1577758789,37.5852775574
"Milford, Nebraska",city,"http://dbpedia.org/resource/Milford,_Nebraska",-97.0522232056,40.7719459534
"Milford, New Hampshire",town,"http://dbpedia.org/resource/Milford,_New_Hampshire",-71.6488876343,42.8352775574
"Milford, New Jersey",borough,"http://dbpedia.org/resource/Milford,_New_Jersey",-75.0894851685,40.573841095
"Milford, New York",village,"http://dbpedia.org/resource/Milford_(village),_New_York",-74.9469451904,42.5900001526
"Milford, Ohio",city,"http://dbpedia.org/resource/Milford,_Ohio",-84.2844467163,39.1749992371
"Milford, Pennsylvania",borough,"http://dbpedia.org/resource/Milford,_Pennsylvania",-74.8027801514,41.3241653442
"Milford, Texas",town,"http://dbpedia.org/resource/Milford,_Texas",-96.9466629028,32.1227760315
"Milford, Utah",city,"http://dbpedia.org/resource/Milford,_Utah",-113.0138854981,38.3947219849
"Winchester, Arkansas",city,"http://dbpedia.org/resource/Winchester,_Arkansas",-91.4766693115,33.7727775574
"Winchester, California",CDP,"http://dbpedia.org/resource/Winchester,_California",-117.0869445801,33.7077789307
"Winchester, Connecticut",town,"http://dbpedia.org/resource/Winchester,_Connecticut",-73.1030578613,41.9249992371
"Winchester, Idaho",city,"http://dbpedia.org/resource/Winchester,_Idaho",-116.623336792,46.2408332825
"Winchester, Illinois",city,"http://dbpedia.org/resource/Winchester,_Illinois",-90.4558334351,39.6300010681
"Winchester, Iowa",city,"http://dbpedia.org/resource/Van_Buren_County,_Iowa",-91.9516677856,40.75
"Winchester, Indiana",city,"http://dbpedia.org/resource/Winchester,_Indiana",-84.9775009155,40.1730537415
"Winchester, Kansas",city,"http://dbpedia.org/resource/Winchester,_Kansas",-95.2680587769,39.3216667175
"Winchester, Kentucky",city,"http://dbpedia.org/resource/Winchester,_Kentucky",-84.1841659546,37.994720459
"Winchester, Massachusetts",town,"http://dbpedia.org/resource/Winchester,_Massachusetts",-71.1374969482,42.4522209167
"Winchester, Missouri",city,"http://dbpedia.org/resource/Winchester,_Missouri",-90.5258331299,38.5900001526
"Winchester, Nevada",town,"http://dbpedia.org/resource/Winchester,_Nevada",-115.1208343506,36.1358337402
"Winchester, New Hampshire",town,"http://dbpedia.org/resource/Winchester,_New_Hampshire",-72.3830566406,42.7733345032
"Winchester, Ohio",village,"http://dbpedia.org/resource/Winchester,_Ohio",-83.653175354,38.940246582
"Winchester, Oklahoma",town,"http://dbpedia.org/resource/Winchester,_Oklahoma",-95.9961090088,35.7986106873
"Winchester, Tennessee",city,"http://dbpedia.org/resource/Winchester,_Tennessee",-86.1125030518,35.188331604
"Winchester, Virginia",city,"http://dbpedia.org/resource/Winchester,_Virginia",-78.1669998169,39.1780014038
"Winchester, Wyoming",CDP,"http://dbpedia.org/resource/Winchester,_Wyoming",-108.1419448853,43.8736114502
"Cleveland, Alabama",town,"http://dbpedia.org/resource/Cleveland,_Alabama",-86.5758361816,33.9919433594
"Cleveland, Florida",CDP,"http://dbpedia.org/resource/Cleveland,_Florida",-81.9969482422,26.9558334351
"Cleveland, Georgia",city,"http://dbpedia.org/resource/Cleveland,_Georgia",-83.763885498,34.5963897705
"Cleveland, Illinois",village,"http://dbpedia.org/resource/Cleveland,_Illinois",-90.3136138916,41.5072212219
"Cleveland, Minnesota",city,"http://dbpedia.org/resource/Cleveland,_Minnesota",-93.8383331299,44.3227767944
"Cleveland, Mississippi",city,"http://dbpedia.org/resource/Cleveland,_Mississippi",-90.7266693115,33.7419433594
"Cleveland, Missouri",city,"http://dbpedia.org/resource/Cleveland,_Missouri",-94.5952758789,38.6758346558
"Cleveland, New York",village,"http://dbpedia.org/resource/Cleveland,_New_York",-75.882774353,43.2363891602
"Cleveland, North Carolina",town,"http://dbpedia.org/resource/Cleveland,_North_Carolina",-80.6788864136,35.7311096191
"Cleveland, North Dakota",city,"http://dbpedia.org/resource/Cleveland,_North_Dakota",-99.1191635132,46.8908348084
"Cleveland, Ohio",city,http://dbpedia.org/resource/Cleveland,-81.6697235107,41.4822235107
"Cleveland, Oklahoma",city,"http://dbpedia.org/resource/Cleveland,_Oklahoma",-96.4647216797,36.306388855
"Cleveland, Tennessee",city,"http://dbpedia.org/resource/Cleveland,_Tennessee",-84.8711090088,35.1713905334
"Cleveland, Texas",city,"http://dbpedia.org/resource/Cleveland,_Texas",-95.0836105347,30.3449993134
"Cleveland, Utah",town,"http://dbpedia.org/resource/Cleveland,_Utah",-110.8552780151,39.3480567932
"Cleveland, Virginia",town,"http://dbpedia.org/resource/Cleveland,_Virginia",-82.1522216797,36.943611145
"Cleveland, West Virginia",town,"http://dbpedia.org/resource/Cleveland,_West_Virginia",-80.3922195435,38.7269439697
"Cleveland, Wisconsin",village,"http://dbpedia.org/resource/Cleveland,_Manitowoc_County,_Wisconsin",-87.7463912964,43.9177780151
"Hudson, Colorado",town,"http://dbpedia.org/resource/Hudson,_Colorado",-104.6399993897,40.0724983215
"Hudson, Florida",CDP,"http://dbpedia.org/resource/Hudson,_Florida",-82.6872253418,28.3610649109
"Hudson, Illinois",village,"http://dbpedia.org/resource/Hudson,_Illinois",-88.9871139526,40.6057243347
"Hudson, Indiana",town,"http://dbpedia.org/resource/Hudson,_Indiana",-85.0816650391,41.5325012207
"Hudson, Iowa",city,"http://dbpedia.org/resource/Hudson,_Iowa",-92.4522247314,42.4088897705
"Hudson, Kansas",city,"http://dbpedia.org/resource/Hudson,_Kansas",-98.6605529785,38.1038894653
"Hudson, Kentucky",village,"http://dbpedia.org/resource/Hudson,_Kentucky",-86.2766647339,37.6511116028
"Hudson, Maine",town,"http://dbpedia.org/resource/Hudson,_Maine",-68.8805541992,45.0011100769
"Hudson, Massachusetts",town,"http://dbpedia.org/resource/Hudson,_Massachusetts",-71.5666656494,42.3916664124
"Hudson, Michigan",city,"http://dbpedia.org/resource/Hudson,_Michigan",-84.3538894653,41.8549995422
"Hudson, New Hampshire",town,"http://dbpedia.org/resource/Hudson,_New_Hampshire",-71.4397201538,42.7647209167
"Hudson, New York",city,"http://dbpedia.org/resource/Hudson,_New_York",-73.7897186279,42.25
"Hudson, North Carolina",town,"http://dbpedia.org/resource/Hudson,_North_Carolina",-81.4902801514,35.8455543518
"Hudson, Ohio",city,"http://dbpedia.org/resource/Hudson,_Ohio",-81.4407806396,41.2397232056
"Hudson, South Dakota",town,"http://dbpedia.org/resource/Hudson,_South_Dakota",-96.4547195435,43.1297225952
"Hudson, Texas",city,"http://dbpedia.org/resource/Hudson,_Texas",-94.7972259521,31.3299999237
"Hudson, Wisconsin",city,"http://dbpedia.org/resource/Hudson,_Wisconsin",-92.7450027466,44.9719429016
"Hudson, Wyoming",town,"http://dbpedia.org/resource/Hudson,_Wyoming",-108.5830535889,42.9044456482
"Kingston, Georgia",city,"http://dbpedia.org/resource/Kingston,_Georgia",-84.9447250366,34.2358322144
"Kingston, Illinois",village,"http://dbpedia.org/resource/Kingston,_Illinois",-88.7619476318,42.0999984741
"Kingston, Massachusetts",town,"http://dbpedia.org/resource/Kingston,_Massachusetts",-70.7265014648,41.9925003052
"Kingston, Michigan",village,"http://dbpedia.org/resource/Kingston,_Michigan",-83.186668396,43.4136123657
"Kingston, Minnesota",city,"http://dbpedia.org/resource/Kingston,_Minnesota",-94.3166656494,45.2000007629
"Kingston, Missouri",city,"http://dbpedia.org/resource/Kingston,_Missouri",-94.0383300781,39.6430549622
"Kingston, Nevada",village,"http://dbpedia.org/resource/Kingston,_Nevada",-117.0886077881,39.2058334351
"Kingston, New Hampshire",town,"http://dbpedia.org/resource/Kingston,_New_Hampshire",-71.0533370972,42.9363899231
"Kingston, New Jersey",CDP,"http://dbpedia.org/resource/Kingston,_New_Jersey",-74.615196228,40.3871040344
"Kingston, New York",city,"http://dbpedia.org/resource/Kingston,_New_York",-74,41.9249992371
"Kingston, Ohio",village,"http://dbpedia.org/resource/Kingston,_Ohio",-82.9138870239,39.4719429016
"Kingston, Oklahoma",town,"http://dbpedia.org/resource/Kingston,_Oklahoma",-96.7211074829,34.0002784729
"Kingston, Pennsylvania",borough,"http://dbpedia.org/resource/Kingston,_Pennsylvania",-75.8833312988,41.2666664124
"Kingston, Rhode Island",CDP,"http://dbpedia.org/resource/Kingston,_Rhode_Island",-71.5333328247,41.4833335876
"Kingston, Tennessee",city,"http://dbpedia.org/resource/Kingston,_Tennessee",-84.5250015259,35.8722229004
"Kingston, Utah",town,"http://dbpedia.org/resource/Kingston,_Utah",-112.186668396,38.2075004578
"Kingston, Washington",CDP,"http://dbpedia.org/resource/Kingston,_Washington",-122.499168396,47.7988891602
"Kingston, Wisconsin",village,"http://dbpedia.org/resource/Kingston,_Wisconsin",-89.1286087036,43.6933326721
"Mount Vernon, Alabama",town,"http://dbpedia.org/resource/Mount_Vernon,_Alabama",-88.0111083984,31.0930557251
"Mount Vernon, Arkansas",city,"http://dbpedia.org/resource/Mount_Vernon,_Arkansas",-92.1247253418,35.2249984741
"Mount Vernon, Georgia",city,"http://dbpedia.org/resource/Mount_Vernon,_Georgia",-82.5938873291,32.181388855
"Mount Vernon, Illinois",city,"http://dbpedia.org/resource/Mount_Vernon,_Illinois",-88.9080581665,38.3136100769
"Mount Vernon, Indiana",city,"http://dbpedia.org/resource/Mount_Vernon,_Indiana",-87.8988876343,37.936668396
"Mount Vernon, Iowa",city,"http://dbpedia.org/resource/Mount_Vernon,_Iowa",-91.4197235107,41.9241676331
"Mount Vernon, Kentucky",city,"http://dbpedia.org/resource/Mount_Vernon,_Kentucky",-84.3375015259,37.3669433594
"Mount Vernon, Maine",town,"http://dbpedia.org/resource/Mount_Vernon,_Maine",-69.9875030518,44.4661102295
"Mount Vernon, Maryland",CDP,"http://dbpedia.org/resource/Mount_Vernon,_Maryland",-75.7975006104,38.2494430542
"Mount Vernon, Missouri",city,"http://dbpedia.org/resource/Mount_Vernon,_Missouri",-93.8181533813,37.0999984741
"Mount Vernon, New Hampshire",town,"http://dbpedia.org/resource/Mont_Vernon,_New_Hampshire",-71.6741638184,42.894443512
"Mount Vernon, New York",city,"http://dbpedia.org/resource/Mount_Vernon,_New_York",-73.8305587769,40.9140586853
"Mount Vernon, Ohio",city,"http://dbpedia.org/resource/Mount_Vernon,_Ohio",-82.4811096191,40.3927764893
"Mount Vernon, Oregon",city,"http://dbpedia.org/resource/Mount_Vernon,_Oregon",-119.11277771,44.418056488
"Mount Vernon, South Dakota",city,"http://dbpedia.org/resource/Mount_Vernon,_South_Dakota",-98.261390686,43.712223053
"Mount Vernon, Texas",town,"http://dbpedia.org/resource/Mount_Vernon,_Texas",-95.2241668701,33.1819458008
"Mount Vernon, Virginia",CDP,"http://dbpedia.org/resource/Mount_Vernon,_Virginia",-77.0953674316,38.7352790833
"Mount Vernon, Washington",city,"http://dbpedia.org/resource/Mount_Vernon,_Washington",-122.3261108398,48.4199981689
"Oakland, California",city,"http://dbpedia.org/resource/Oakland,_California",-122.2708358765,37.8044433594
"Oakland, Florida",city,"http://dbpedia.org/resource/Oakland,_Florida",-81.6310424805,28.5544452667
"Oakland, Illinois",city,"http://dbpedia.org/resource/Oakland,_Illinois",-88.0253982544,39.656665802
"Oakland, Iowa",city,"http://dbpedia.org/resource/Oakland,_Iowa",-95.3955535889,41.3086128235
"Oakland, Kentucky",city,"http://dbpedia.org/resource/Oakland,_Kentucky",-86.2494430542,37.0416679382
"Oakland, Maine",town,"http://dbpedia.org/resource/Oakland,_Maine",-69.7286148071,44.5441665649
"Oakland, Maryland",town,"http://dbpedia.org/resource/Oakland,_Maryland",-79.4044418335,39.4105567932
"Oakland Township, Michigan(Oakland County)",township,"http://dbpedia.org/resource/Oakland_Charter_Township,_Michigan",-83.1697235107,42.7477760315
"Oakland, Mississippi",town,"http://dbpedia.org/resource/Oakland,_Mississippi",-89.9144439697,34.0558319092
"Oakland, Missouri",city,"http://dbpedia.org/resource/Oakland,_Missouri",-90.3845367432,38.5758323669
"Oakland, Nebraska",city,"http://dbpedia.org/resource/Oakland,_Nebraska",-96.4661102295,41.8349990845
"Oakland, New Jersey",borough,"http://dbpedia.org/resource/Oakland,_New_Jersey",-74.2438430786,41.0299797058
"Oakland, Ohio",village,"http://dbpedia.org/resource/Oakland,_Ohio",-83.9127044678,39.482837677
"Oakland, Oklahoma",town,"http://dbpedia.org/resource/Oakland,_Oklahoma",-96.7933349609,34.099445343
"Oakland, Oregon",city,"http://dbpedia.org/resource/Oakland,_Oregon",-123.2969436646,43.4227790833
"Oakland, Pennsylvania",borough,http://dbpedia.org/resource/Oakland_(Pittsburgh),-79.9359970093,40.4510002136
"Oakland, Lawrence County, Pennsylvania",CDP,"http://dbpedia.org/resource/Oakland,_Lawrence_County,_Pennsylvania",-80.36277771,40.9908332825
"Oakland, Susquehanna County, Pennsylvania",borough,"http://dbpedia.org/resource/Oakland,_Susquehanna_County,_Pennsylvania",-75.6083297729,41.9494438171
"Oakland, South Carolina",CDP,"http://dbpedia.org/resource/Oakland,_South_Carolina",-80.4994430542,33.9880561829
"Oakland, Tennessee",town,"http://dbpedia.org/resource/Oakland,_Tennessee",-89.5180587769,35.2266654968
"Riverside, Alabama",town,"http://dbpedia.org/resource/Riverside,_Alabama",-86.2006759644,33.6144447327
"Riverside, California",city,"http://dbpedia.org/resource/Riverside,_California",-117.3961105347,33.9480552673
"Riverside, Georgia",town,"http://dbpedia.org/resource/Riverside,_Georgia",-83.8050003052,31.1786117554
"Riverside, Illinois",village,"http://dbpedia.org/resource/Riverside,_Illinois",-87.8161087036,41.8308334351
"Riverside, Iowa",city,"http://dbpedia.org/resource/Riverside,_Iowa",-91.5766677856,41.4819450378
"Riverside, Maryland",CDP,"http://dbpedia.org/resource/Riverside,_Harford_County,_Maryland",-76.2450027466,39.4763870239
"Riverside, Missouri",city,"http://dbpedia.org/resource/Riverside,_Missouri",-94.6224975586,39.1749992371
"Riverside, New Jersey",town,"http://dbpedia.org/resource/Riverside_Township,_New_Jersey",-74.9558029175,40.0356788635
"Riverside, Steuben County, New York",village,"http://dbpedia.org/resource/Riverside,_Steuben_County,_New_York",-77.0791702271,42.1555557251
"Riverside, Suffolk County, New York",CDP,"http://dbpedia.org/resource/Riverside,_Suffolk_County,_New_York",-72.6624984741,40.9077758789
"Riverside, Ohio",city,"http://dbpedia.org/resource/Riverside,_Ohio",-84.1230545044,39.7788887024
"Riverside, Umatilla County, Oregon",CDP,"http://dbpedia.org/resource/Riverside,_Umatilla_County,_Oregon",-118.739440918,45.6755561829
"Riverside, Pennsylvania",borough,"http://dbpedia.org/resource/Riverside,_Pennsylvania",-76.6348724365,40.9536094666
"Riverside, Rhode Island",village,"http://dbpedia.org/resource/Riverside,_Rhode_Island",-71.3647232056,41.7672233582
"Riverside, Texas",city,"http://dbpedia.org/resource/Riverside,_Texas",-95.3980560303,30.846944809
"Riverside, Utah",CDP,"http://dbpedia.org/resource/Riverside,_Utah",-112.1402740479,41.8066673279
"Riverside, Washington",town,"http://dbpedia.org/resource/Riverside,_Washington",-119.5086135864,48.5027770996
"Riverside, Wyoming",town,"http://dbpedia.org/resource/Riverside,_Wyoming",-106.7830581665,41.2152786255
"Dover, Arkansas",city,"http://dbpedia.org/resource/Dover,_Arkansas",-93.1125030518,35.400554657
"Dover, Delaware",city,"http://dbpedia.org/resource/Dover,_Delaware",-75.5266647339,39.161945343
"Dover, Florida",CDP,"http://dbpedia.org/resource/Dover,_Florida",-82.2194442749,27.9944438934
"Dover, Idaho",city,"http://dbpedia.org/resource/Dover,_Idaho",-116.6002807617,48.2536125183
"Dover, Illinois",village,"http://dbpedia.org/resource/Dover,_Illinois",-89.3958358765,41.4352760315
"Dover, Kentucky",city,"http://dbpedia.org/resource/Dover,_Kentucky",-83.8824996948,38.7580566406
"Dover, Massachusetts",town,"http://dbpedia.org/resource/Dover,_Massachusetts",-71.2833328247,42.2458343506
"Dover Township, Michigan(Lake County)",township,"http://dbpedia.org/resource/Dover_Township,_Lake_County,_Michigan",-85.6063919067,44.1199989319
"Dover Township, Michigan(Lenawee County)",township,"http://dbpedia.org/resource/Dover_Township,_Lenawee_County,_Michigan",-84.1691665649,41.8505554199
"Dover Township, Michigan(Otsego County)",township,"http://dbpedia.org/resource/Dover_Township,_Otsego_County,_Michigan",-84.5586090088,45.0413894653
"Dover, Minnesota",city,"http://dbpedia.org/resource/Dover,_Minnesota",-92.1391677856,43.9730567932
"Dover, Missouri",town,"http://dbpedia.org/resource/Dover,_Missouri",-93.6894454956,39.192779541
"Dover, New Hampshire",city,"http://dbpedia.org/resource/Dover,_New_Hampshire",-70.875,43.1947212219
"Dover, New Jersey",town,"http://dbpedia.org/resource/Dover,_New_Jersey",-74.5591659546,40.8856010437
"Dover, North Carolina",town,"http://dbpedia.org/resource/Dover,_North_Carolina",-77.4369430542,35.2174987793
"Dover, Ohio",city,"http://dbpedia.org/resource/Dover,_Ohio",-81.4777755737,40.5266685486
"Dover, Oklahoma",town,"http://dbpedia.org/resource/Dover,_Oklahoma",-97.9111099243,35.9816665649
"Dover, Pennsylvania",borough,"http://dbpedia.org/resource/Dover,_Pennsylvania",-76.8494415283,40.0038871765
"Dover, Tennessee",city,"http://dbpedia.org/resource/Dover,_Tennessee",-87.8447189331,36.4822235107
"Dover, Vermont",town,"http://dbpedia.org/resource/Dover,_Vermont",-72.8525009155,42.9572219849
